525,593
1144,1197
2040,2132
2646,2688
3097,3187
3444,3515
3879,3962
4348,4452
4737,4796
5112,5195
5463,5544
5630,5763
5909,6045
6133,6321
6391,6536
6688,6790
6801,6915
7150,7292
7820,8089
8248,8338
8465,8791
8819,8916
8995,9021
9147,9284
9843,10002
10109,10205
10405,10577
11189,11287
11456,12020
12148,12328
12380,12585
12883,13021
13102,13292
13385,13537
13991,14118
14228,14612
14769,15002
15053,15264
15439,15599
15609,15630
15783,15888
16055,16239
16399,16593
16612,16825
16844,16874
16896,16971
17519,17563
17717,17835
18325,18337
18620,18707
18837,19017
19105,19458
19562,19818
20232,20382
21260,21383
21562,21652
21718,21739
22060,22192
22273,22419
22517,22921
23042,23179
23193,23323
23450,23548
23577,23675
23689,23726
23736,23760
23781,23829
24138,24267
24316,24467
24623,24748
24976,25049
25061,25144
25181,25800
25896,26087
26098,26109
26279,26457
