 831, 955
 1570, 1640
 1830, 1857
 2047, 2173
 2693, 2769
 2976, 3057
 3255, 3329
 3346, 3365
 3855, 3941
 3958, 3975
 4030, 4199
 4532, 4751
 4975, 5060
 5217, 5324
 6671, 6698
 6777, 6973
 7134, 7251
 7413, 7512
 7728, 7844
 8064, 8165
 9079, 9244
 9361, 9638
 9816, 9968
 10216, 10360
 10554, 10769
 10922, 11141
 11317, 11595
 11843, 11933
 12121, 12254
 12460, 12663
 12889, 12957
 13190, 13381
 13541, 13739
 13842, 14145
 14292, 14578
 14748, 14818
 14969, 15257
 15428, 15535
 15687, 15844
 15981, 16194
 16325, 16353
 16388, 16509
 16640, 16750
 16848, 16985
 16992, 17029
 17107, 17329
 17412, 17607
 17710, 17951
 18082, 18224
 18249, 18430
 18534, 18754
 18861, 19054
 19112, 19368
 19431, 19610
 19714, 19903
 19999, 20212
 20351, 20431
 20445, 20605
 20691, 20855
 20937, 21102
 21285, 21515
 21600, 21771
 21854, 22182
 22273, 22484
 22571, 22767
 22851, 23149
 23221, 23509
 23799, 23853
 23931, 24003
 24102, 24118
 24291, 24430
 24489, 25102
 25241, 25390
 25492, 25629
 25776, 25873
 25916, 26068
 26238, 26418
 26559, 26645
