 1187, 1232
 1411, 1482
 2140, 2181
 2398, 2448
 2812, 2855
 3066, 3107
 3378, 3459
 3680, 3760
 4163, 4237
 4253, 4313
 4619, 4662
 4967, 5099
 5407, 5484
 5699, 5766
 5953, 6047
 6172, 6233
 6420, 6544
 6672, 6796
 6900, 7003
 7228, 7250
 7461, 7562
 7691, 8074
 8153, 8392
 8407, 8585
 8599, 8637
 8730, 8830
 8935, 9096
 9188, 9504
 9521, 10447
 10577, 10630
 10703, 10899
 10993, 11029
 11105, 11231
 11338, 11377
 11422, 11572
 11669, 12116
 12234, 12248
 12256, 13485
 13501, 13519
 13783, 14262
 14328, 15121
 15154, 15197
 15230, 15272
 15381, 16006
 16026, 16057
 16077, 16095
 16106, 16651
 16753, 17024
 17105, 17275
 17289, 18012
 18097, 18406
 18427, 18515
 18631, 19103
 19123, 19167
 19177, 23183
 23586, 23619
