 7526, 7586
 10136, 10241
 11953, 12045
 12575, 12697
 13602, 13783
 14783, 14924
 15152, 15238
 15961, 16270
 16305, 16340
 16354, 16387
 16559, 16577
 16830, 16852
 16874, 17063
 17757, 17930
 18431, 18445
 19281, 19505
 19658, 19697
 19721, 20035
 20198, 20442
 20479, 20544
 20602, 20853
 20994, 21316
 21444, 21498
 21859, 22010
 22040, 22178
 22847, 23027
 23171, 23286
 23387, 23584
 23624, 24376
 24607, 24957
 25229, 25419
 25630, 25855
 26043, 26074
 26255, 26538
 26679, 26805
 26833, 26873
