 3287, 3307
 3312, 3464
 3570, 3667
 3973, 3988
 3995, 4110
 4597, 4619
 4877, 5009
 5200, 5350
 5527, 5927
 6925, 6965
 6976, 7011
 8701, 8782
 9073, 9171
 9936, 9967
 10202, 10297
 10450, 10497
 10503, 10516
 10596, 10710
 11130, 11223
 11641, 11726
 11915, 11991
 12028, 12150
 13752, 13772
 13875, 13954
 14151, 14252
 14496, 14536
 14750, 14783
 15116, 15180
 15199, 15240
 15467, 15607
 15905, 15982
 16235, 16328
 16657, 16757
 17094, 17207
 17471, 17587
 17936, 18098
 18800, 18907
 19259, 19553
 19996, 20025
 20504, 20647
 20885, 20987
 21189, 21270
 21541, 21589
 22204, 22232
 24703, 24767
 24915, 25000
 25181, 25254
 25565, 25640
 26309, 26424
 26724, 26778
