4,13
104,205
2124,2136
2655,2663
2699,2715
2892,2900
3450,3525
3880,3917
3919,3959
4349,4401
4404,4415
4427,4437
4487,4500
4522,4560
5146,5178
5469,5546
5668,5698
5708,5760
5917,5999
6483,6506
6516,6533
6693,6784
6876,6909
7226,7237
7291,7299
8524,8567
8579,8591
8593,8614
8711,8734
8736,8758
8770,8787
8825,8902
8920,8936
8996,9017
9155,9191
9214,9225
9878,10004
10113,10201
10407,10416
10438,10473
10476,10559
11267,11287
11453,11547
11606,11624
11925,11938
12356,12367
12474,12527
12985,13020
13172,13190
13479,13538
13990,14118
14230,14348
14411,14438
14453,14516
14544,14589
14831,14887
14911,14957
14964,14999
15059,15075
15121,15169
15225,15242
15571,15580
15794,15887
16092,16113
16119,16136
16148,16160
16638,16646
16802,16810
16817,16840
16844,16867
18863,18876
19139,19149
19299,19311
19458,19474
19482,19492
19674,19682
19733,19742
19760,19808
21343,21388
22287,22356
22855,22882
23219,23269
23502,23518
23768,23800
23839,23847
24469,24479
24644,24737
25358,25378
25440,25456
25465,25477
25480,25507
25587,25626
25681,25775
25785,25797
25986,25994
26007,26083
